"conversation_id_str","created_at","favorite_count","full_text","id_str","image_url","in_reply_to_screen_name","lang","location","quote_count","reply_count","retweet_count","tweet_url","user_id_str","username"
"1774949863425540496","Mon Apr 01 23:59:59 +0000 2024","0","Kemenangan Prabowo-Gibran karena Narasi Keberlanjutan Bukan Bansos https://t.co/WmoWexnx6D","1774949863425540496","","","in","","0","0","0","https://x.com/yusrimel43768/status/1774949863425540496","1755514865710751744","yusrimel43768"
"1774737866612248730","Mon Apr 01 23:59:50 +0000 2024","1","@PribadiBales @Pemburu_Celeng @KompasTV @gibran_tweet Sayangnya mas Gibran sdh mampu menjadi walikota. Tanyakan ke masyarakat Solo. Sat set kerjanya. Mikiirrrr ","1774949825630642395","","PribadiBales","in","muter muter terus","0","1","0","https://x.com/AbbasciputAbbas/status/1774949825630642395","1047768018","AbbasciputAbbas"
"1774949675722059877","Mon Apr 01 23:59:14 +0000 2024","0","Jawab Tudingan Penunjukan Pj Kepala Daerah untuk Prabowo-Gibran Yusril: Kenapa PDIP Tak Tolak Apa Ikut Konspirasi? https://t.co/AKH0bxm9e6","1774949675722059877","","","in","","0","0","0","https://x.com/yusrimel43768/status/1774949675722059877","1755514865710751744","yusrimel43768"
"1774842032110100642","Mon Apr 01 23:59:13 +0000 2024","0","@are_inismyname @gibran_tweet @bengkeldodo @Ndons_Back @P4P4B0W0_2024 @99propaganda @zy_zy_its_me @Kimberley_PS08 @florieliciouss @genx36545403 @Royan_02 @MIrvanDarwin1 Itu yang di tangkap karna korupsi apa karna Gibran","1774949674379890863","","are_inismyname","in","","0","0","0","https://x.com/nadifaja/status/1774949674379890863","1439220083822247940","nadifaja"
"1774643307517472856","Mon Apr 01 23:58:58 +0000 2024","0","@by_samarkand @Maruahalsiahaa2 @aniesbaswedan Betul juga dia apakah masuk akal Anies dan Ganjar minta pemilihan ulang tanpa 02 dia pikir ini negaranya sendirikah dasar ambisi mau jadi Presiden pada hal rakyat tak pilih masalahkan umur Gibran napa Gibran menang baru di masalakan napa ngak saat pendaftaran dulu di tolak bodok","1774949609510781240","","by_Samarkand","in","Papua, Indonesia","0","0","0","https://x.com/LutherKala/status/1774949609510781240","1537990552645681152","LutherKala"
"1774786217848291721","Mon Apr 01 23:57:24 +0000 2024","0","@are_inismyname @gibran_tweet @prabowo @bengkeldodo @P4P4B0W0_2024 @Ndons_Back @Bank_Joee_ @99propaganda @florieliciouss @Kimberley_PS08 @zy_zy_its_me @mimih6mei @IrawanRommi Yg ilegal cabut ijinnya?sampai saat ini seperti mobil esemka gak keliatan wujudnya","1774949216114417821","","are_inismyname","in","","0","0","0","https://x.com/haikal_ihsan/status/1774949216114417821","472814844","haikal_ihsan"
"1774737866612248730","Mon Apr 01 23:57:14 +0000 2024","1","@KompasTV Cangkem bosok @gibran_tweet","1774949172246163706","","KompasTV","in","","0","0","0","https://x.com/Zackf77156873/status/1774949172246163706","1166975890569318400","Zackf77156873"
"1774949151467540713","Mon Apr 01 23:57:09 +0000 2024","3","Pada akhir April keluarga Pak Jokowi sudah memutuskan Mas Gibran menjadi cawapres. https://t.co/cgJClgaLNs","1774949151467540713","","","in","Jakarta, Indonesia","0","0","1","https://x.com/republikaonline/status/1774949151467540713","22126902","republikaonline"
"1774736195836404136","Mon Apr 01 23:56:39 +0000 2024","0","@tham878 @Yusrilihza_Mhd Yg dipermasalahkan adalah keabsahan Gibran jadi cawapres.","1774949025177018562","","tham878","in","","0","0","0","https://x.com/JHSinurat/status/1774949025177018562","1195870361813798913","JHSinurat"
"1774853706753921209","Mon Apr 01 23:56:34 +0000 2024","1","@yosephrosario_ @EL_Mascotte @Royan_02 @JordanMihaf @Ndons_Back @MakeItAQuoteJP @MakeItAQuoteKR @HaloBCA @IndosatCare @sehatAQUA @are_inismyname Yang pelupa gibran yg bodoh penjilatnya","1774949005920960684","","yossrsro","in","Kingdom of Saudi Arabia","0","2","0","https://x.com/dwi_cahyonod/status/1774949005920960684","1628900477181263872","dwi_cahyonod"
"1774786217848291721","Mon Apr 01 23:56:14 +0000 2024","0","@are_inismyname @gibran_tweet @prabowo @bengkeldodo @P4P4B0W0_2024 @Ndons_Back @Bank_Joee_ @99propaganda @florieliciouss @Kimberley_PS08 @zy_zy_its_me @mimih6mei @IrawanRommi Yg didukung sm yg dukung sama2 . Begonya i mean ","1774948922693468483","","are_inismyname","in","","0","0","0","https://x.com/vousmeyezk/status/1774948922693468483","4667643794","vousmeyezk"
"1774948786881835235","Mon Apr 01 23:55:42 +0000 2024","0","Gibran kan masih ngurusin kota Solo jadi gak selalu bersama lah ","1774948786881835235","","","in","East Java, Indonesia","0","0","0","https://x.com/abe_kitaro/status/1774948786881835235","109786455","abe_kitaro"
"1774786217848291721","Mon Apr 01 23:53:47 +0000 2024","0","@are_inismyname @gibran_tweet @prabowo @bengkeldodo @P4P4B0W0_2024 @Ndons_Back @Bank_Joee_ @99propaganda @florieliciouss @Kimberley_PS08 @zy_zy_its_me @mimih6mei @IrawanRommi Kacian deh loe. Nga ngerti kalo yg namanya ilegal. Belajar dulu ya mbak","1774948304373309898","","are_inismyname","in","","0","0","0","https://x.com/Lidya80352307/status/1774948304373309898","1095251413825839104","Lidya80352307"
"1774815931233141129","Mon Apr 01 23:53:45 +0000 2024","0","@Muhammad_Saewad pendukungnya @gibran_tweet","1774948296756543985","","Muhammad_Saewad","in","","0","0","0","https://x.com/dydyaa2/status/1774948296756543985","1607540257205137408","dydyaa2"
"1774807324865282218","Mon Apr 01 23:52:35 +0000 2024","0","@dehery13 @gaston11223 @arupha_00 @Didit3Ahmadi @zy_zy_its_me Bukan membela..tpi memberi pengajaran pengetahuan biar gak tolol2 banget....putarkembali apa yg dibilang gibran waktu debat..yg dicabut itu IUP..","1774948004572827883","","Tabrahamicon","in","","0","1","0","https://x.com/ADarmantyo/status/1774948004572827883","1578982363094097920","ADarmantyo"
"1773319396037189786","Mon Apr 01 23:52:14 +0000 2024","0","@ariefbudiawan7 @kurawa @prabowo @gibran_tweet @ZUL_Hasan Memangnya ada Visi Misi Menteri yg ada Visi Misi presiden ","1774947912860291209","","ariefbudiawan7","in","Wonogiri, Indonesia","0","0","0","https://x.com/Prince_MahaRock/status/1774947912860291209","277423834","Prince_MahaRock"
"1774817022934913483","Mon Apr 01 23:51:06 +0000 2024","1","@fajarnugros Gak bangga sy punya wapres kyk Gibran. Attitude ny sungguh2. Ngenyek2in Professor di debat pilpres yg ke-4...","1774947630113812807","","fajarnugros","in","Jakarta, Indonesia","0","5","0","https://x.com/agungtl/status/1774947630113812807","279900272","agungtl"
"1774947586497224725","Mon Apr 01 23:50:56 +0000 2024","0","Jawab Tudingan Penunjukan Pj Kepala Daerah untuk Prabowo-Gibran Yusril: Kenapa PDIP Tak Tolak Apa Ikut Konspirasi? https://t.co/TUms8Kthl4","1774947586497224725","","","in","","0","0","0","https://x.com/yusrimel43768/status/1774947586497224725","1755514865710751744","yusrimel43768"
"1774947460382921042","Mon Apr 01 23:50:26 +0000 2024","0","Saksi Ahli Amin Mengaitkan Pengangkatan Pj Kepala Daerah dengan Pemenangan Prabowo-Gibran https://t.co/Fl4WcW4tE3","1774947460382921042","","","in","","0","0","0","https://x.com/yusrimel43768/status/1774947460382921042","1755514865710751744","yusrimel43768"
"1774807324865282218","Mon Apr 01 23:49:15 +0000 2024","0","@zy_zy_its_me yg bongkar gibran? terus yg di tanyain orang2 adalah ILEGAL = GAK DAPET IZIN / GAK ADA IZIN kalau gak ada izin apa yg mau di cabut?","1774947163774349659","","zy_zy_lestary","in","another planet","0","1","0","https://x.com/lindazzlelind/status/1774947163774349659","1063473019325038597","lindazzlelind"
"1774775188326138250","Mon Apr 01 23:48:31 +0000 2024","0","@kegblgnunfaedh Anjay si gibran wkwkwk","1774946980252594279","","kegblgnunfaedh","in","","0","0","0","https://x.com/an20798/status/1774946980252594279","1689400968314806272","an20798"
"1774920441301475470","Mon Apr 01 23:48:17 +0000 2024","0","@xquitavee Apakah Prabowo Gibran berani?sampai tak dapat fasilitas teryaman di dalam nanti? Ataukah hanya omdo saja","1774946922203316656","","xquitavee","in","","0","0","0","https://x.com/bamiauzumaru/status/1774946922203316656","1536621499934973952","bamiauzumaru"
"1774842032110100642","Mon Apr 01 23:48:11 +0000 2024","2","@are_inismyname @gibran_tweet @bengkeldodo @Ndons_Back @P4P4B0W0_2024 @99propaganda @zy_zy_its_me @Kimberley_PS08 @florieliciouss @genx36545403 @Royan_02 @MIrvanDarwin1 Yang korupsi 271 T itu berkelompok di 02. Dungu kok dipelihara yang namanya ilegal tak ada izinnya. Masa mau dicabut izinnya.","1774946895422775398","","are_inismyname","in","Jakarta Capital Region","0","0","0","https://x.com/PronadaP49139/status/1774946895422775398","1742328223919398912","PronadaP49139"
"1772037266296459488","Mon Apr 01 23:47:13 +0000 2024","1","@GwynxAsh @prabowo @gibran_tweet @HusinShihab @fwzrizky @Joker_Li55ong Ternyata pengacara 02 seperti pengacara Amatiran..tidak bisa membedakan antara sidang di Pengadilan biasa dan di Majelis Konstitusi. Apa gak malu tuh ditepis Hakim Ketua MK....TANDA2 SIGNAL GUGATAN 01 AKAN DIKABULKAN...PEMBATALAN KEMENANGAN KARBITAN 02...MAPUS..!! https://t.co/kPUoszwEZi","1774946651553288530","https://pbs.twimg.com/ext_tw_video_thumb/1774946605986463744/pu/img/T15RLKn_mp33Rmrn.jpg","GwynxAsh","in","Jabodetabek, Indonesia","0","0","0","https://x.com/Andria75777/status/1774946651553288530","1667233216091279363","Andria75777"
"1774789973167964201","Mon Apr 01 23:44:56 +0000 2024","0","@jogmfs pengen rabi tapi aku malesan.","1774946077541896622","","jogmfs","in","Metaverse","0","0","0","https://x.com/ashitherewegoo/status/1774946077541896622","1664808556057747456","ashitherewegoo"
"1774946032108847124","Mon Apr 01 23:44:45 +0000 2024","0","Kemenangan Prabowo-Gibran karena Narasi Keberlanjutan Bukan Bansos https://t.co/YI2nw6ymED https://t.co/YI2nw6ymED","1774946032108847124","","","in","indonesia","0","0","0","https://x.com/posaktualcom/status/1774946032108847124","1636627729675337734","posaktualcom"
"1774097735719034941","Mon Apr 01 23:44:40 +0000 2024","0","@AdamRidhatullah @faz_hrp @rahmattttlatif @unmagnetism @puanmaharani_ri @ganjarpranowo Ini lagi ngomongin Bpk. @ganjarpranowo bukan @PDI_Perjuangan . Kalau partai politik itu isi-nya banyak kepala Mbak @puanmaharani_ri bahkan Bpk. @jokowi dan Si @gibran_tweet juga @PDI_Perjuangan . Macam mana sih...","1774946012370817271","","AdamRidhatullah","in","Central Region, Singapore","0","0","0","https://x.com/DindaLaw88/status/1774946012370817271","1731115890815664128","DindaLaw88"
"1774842032110100642","Mon Apr 01 23:44:31 +0000 2024","1","@are_inismyname @gibran_tweet @bengkeldodo @Ndons_Back @P4P4B0W0_2024 @99propaganda @zy_zy_its_me @Kimberley_PS08 @florieliciouss @genx36545403 @Royan_02 @MIrvanDarwin1 udah Prabowo Lantik dia jangan","1774945973137223755","","are_inismyname","in","bekasih tmsl desa Sumberjaya","0","0","0","https://x.com/AndooArdia41986/status/1774945973137223755","1728340511109595136","AndooArdia41986"
"1774786217848291721","Mon Apr 01 23:44:30 +0000 2024","1","@are_inismyname @gibran_tweet @prabowo @bengkeldodo @P4P4B0W0_2024 @Ndons_Back @Bank_Joee_ @99propaganda @florieliciouss @Kimberley_PS08 @zy_zy_its_me @mimih6mei @IrawanRommi Kalau saya ketawa cekikikan mudah2an nggak ngebatalin puasa...","1774945969186234527","","are_inismyname","in","Jakarta Capital Region","0","0","0","https://x.com/jidatloe/status/1774945969186234527","240151877","jidatloe"
"1774697844894757071","Mon Apr 01 23:42:15 +0000 2024","0","@kompascom PSU itu harus dijalankan untuk menguji kebenaran paslon 2 itu dipilih karena kesadaran rakyat yg suka sama Prabowo-Gibran tanpa ada Amplop Bansos dan Unak anik lainnya.. sbgai pelicin untuk pemilih spy pilih Paslon 2. Jd itung2 diuji bener atau tidak","1774945401059369433","","kompascom","in","","0","0","0","https://x.com/ara_sofyan/status/1774945401059369433","1678403678959484929","ara_sofyan"
"1774842032110100642","Mon Apr 01 23:41:49 +0000 2024","30","@are_inismyname @gibran_tweet @bengkeldodo @Ndons_Back @P4P4B0W0_2024 @99propaganda @zy_zy_its_me @Kimberley_PS08 @florieliciouss @genx36545403 @Royan_02 @MIrvanDarwin1 Setahu saya kalo udah punya izin ya namanya legal. Kalau belum lengkap syarat2 ijinnya ya artinya mereka belum punya ijin. Kalau punya ijin lalu ijinnya main cabut aja secara semena2 pengusaha bisa ajukan proses hukum.","1774945295270543817","","are_inismyname","in","","0","1","1","https://x.com/JHSinurat/status/1774945295270543817","1195870361813798913","JHSinurat"
"1774842032110100642","Mon Apr 01 23:41:40 +0000 2024","8","@are_inismyname @gibran_tweet @bengkeldodo @Ndons_Back @P4P4B0W0_2024 @99propaganda @zy_zy_its_me @Kimberley_PS08 @florieliciouss @genx36545403 @Royan_02 @MIrvanDarwin1 Yang namanya ilegal itu kaga resmi kaga ada surat suratnya kecuali berurusan sama ordal CAWAPRES KOK NGAJARIN RAKYATNYA KAGA BENER BERBUAT JAHAT KOK YAAH MALAH DI SURUH","1774945254363558243","","are_inismyname","in","","0","1","0","https://x.com/CinereUnun41935/status/1774945254363558243","1639556311162531842","CinereUnun41935"
"1774945143063499054","Mon Apr 01 23:41:13 +0000 2024","0","MK Panggil 4 Menteri Jokowi Jadi Saksi Sengketa Pilpres Tim Pembela Prabowo-Gibran Bilang Begini https://t.co/gw8cy6aTm2","1774945143063499054","","","in","Bandung, Indonesia","0","0","0","https://x.com/Bandung_Update/status/1774945143063499054","186230496","Bandung_Update"
"1774786217848291721","Mon Apr 01 23:41:07 +0000 2024","0","@zy_zy_its_me @are_inismyname @gibran_tweet @prabowo @bengkeldodo @P4P4B0W0_2024 @Ndons_Back @Bank_Joee_ @99propaganda @florieliciouss @Kimberley_PS08 @mimih6mei @IrawanRommi Mau tanya beneran kenapa sampai Presiden gak tau ada korupsi segitu?","1774945118514303269","","zy_zy_lestary","in","","0","0","0","https://x.com/FunkyTenor/status/1774945118514303269","1133641122545201152","FunkyTenor"
"1774927221259723004","Mon Apr 01 23:40:35 +0000 2024","0","@Fahrihamzah kalau ternyata kemenangan prabowo gibran dianulir MK para negara super power dan pemilik veto anggota dewan keamanan pbb bisa apa?","1774944981188522414","","Fahrihamzah","in","Jalan Bani Bu Hasan, Oman","0","0","0","https://x.com/Mustaribeenreal/status/1774944981188522414","527530382","Mustaribeenreal"
"1774067974338761035","Mon Apr 01 23:38:55 +0000 2024","1","@INDONESIAPERKS4 Haha Bawaslu aj ga berani manggil Gibran apalagi ini","1774944565050671242","","INDONESIAPERKS4","in","","0","0","0","https://x.com/Narumi81751415/status/1774944565050671242","1362981427965431811","Narumi81751415"
"1774439726801723761","Mon Apr 01 23:38:41 +0000 2024","0","@DedynurPalakka @gibran_tweet ganyang koruPSI","1774944503604158636","","DedynurPalakka","in","Bandung","0","0","0","https://x.com/yadisupriyadi/status/1774944503604158636","8008922","yadisupriyadi"
"1774853706753921209","Mon Apr 01 23:37:07 +0000 2024","8","@yosephrosario_ @EL_Mascotte @Royan_02 @JordanMihaf @Ndons_Back @MakeItAQuoteJP @MakeItAQuoteKR @HaloBCA @IndosatCare @sehatAQUA @are_inismyname Yang nawarin gibran jadi cawapres pak anies sapa??? Dari awal pak anies kaga pernah mau cawapresnya anak haram konstitusi","1774944110220308681","","yossrsro","in","","0","2","0","https://x.com/CinereUnun41935/status/1774944110220308681","1639556311162531842","CinereUnun41935"
"1774786217848291721","Mon Apr 01 23:36:46 +0000 2024","1","@are_inismyname @gibran_tweet @prabowo @bengkeldodo @P4P4B0W0_2024 @Ndons_Back @Bank_Joee_ @99propaganda @florieliciouss @Kimberley_PS08 @zy_zy_its_me @mimih6mei @IrawanRommi Kebanyakan jilat kontol lo bodohmu ga tertolong mana ada iup di tambang ilegal apanya yg mau di cabut?? Bulu lo??","1774944021003284520","","are_inismyname","in","","0","0","0","https://x.com/YuHelmi877816/status/1774944021003284520","1695577612343713792","YuHelmi877816"
"1774690700850045303","Mon Apr 01 23:36:13 +0000 2024","3","@liputan6dotcom Yang jadi masalah itu menggunakan uang APBN untuk bagi-bagi bansos atas nama Prabowo -Gibran","1774943882121511075","","liputan6dotcom","in","indsonesia asia","0","0","0","https://x.com/Bakhjatul/status/1774943882121511075","2519471036","Bakhjatul"
"1774943809740358032","Mon Apr 01 23:35:55 +0000 2024","2","Kemarin bilangnya bocah ingusan. Sekarang udah kalah bilang dibohongi @gibran_tweet Cengeng lu teng https://t.co/nJTZVaybvV","1774943809740358032","https://pbs.twimg.com/ext_tw_video_thumb/1774943742031728640/pu/img/pOrXIyeB6m-NW07M.jpg","","in","","0","0","0","https://x.com/KerjaHasil_id/status/1774943809740358032","1405723264710709248","KerjaHasil_id"
"1774842032110100642","Mon Apr 01 23:35:53 +0000 2024","2","@are_inismyname @gibran_tweet @bengkeldodo @Ndons_Back @P4P4B0W0_2024 @99propaganda @zy_zy_its_me @Kimberley_PS08 @florieliciouss @genx36545403 @Royan_02 @MIrvanDarwin1 Dungu dipelihara buang dong....","1774943801200767454","","are_inismyname","in","Bangil, Indonesia","0","0","0","https://x.com/pr_pond/status/1774943801200767454","2945124031","pr_pond"
"1774943784268091794","Mon Apr 01 23:35:49 +0000 2024","1","KPPS di Riau Ungkap Lurah Minta Data Pemilih Prabowo-Gibran untuk Diberi Bansos https://t.co/ta8OuQOPll https://t.co/ta8OuQOPll","1774943784268091794","","","in","indonesia","0","0","1","https://x.com/posaktualcom/status/1774943784268091794","1636627729675337734","posaktualcom"
"1774807324865282218","Mon Apr 01 23:33:44 +0000 2024","0","@zy_zy_its_me Dih gajelas banget emang pemuja Gibran","1774943259447705722","","zy_zy_lestary","in","","0","0","0","https://x.com/Syapani05/status/1774943259447705722","197707284","Syapani05"
"1774943053146656941","Mon Apr 01 23:32:55 +0000 2024","3","Kemenangan Prabowo-Gibran karena Narasi Keberlanjutan Bukan Bansos https://t.co/QNqbTeZ7zZ","1774943053146656941","","","in","Indonesia","0","2","0","https://x.com/geloraco/status/1774943053146656941","3319260420","geloraco"
"1774943003938865362","Mon Apr 01 23:32:43 +0000 2024","0","Puan Bukber Bareng Ketua TKN Prabowo - Gibran Ada Pertanda Apa? https://t.co/hAKWjUFinK https://t.co/hAKWjUFinK","1774943003938865362","","","in","indonesia","0","0","0","https://x.com/posaktualcom/status/1774943003938865362","1636627729675337734","posaktualcom"
"1774378620741730435","Mon Apr 01 23:32:16 +0000 2024","0","@Zero8ok @aniesbaswedan @99propaganda @tham878 @are_inismyname @BANGSAygSUJUD @Bank_Joee_ @bengkeldodo @Lembayung071 @Ndons_Back @PapaBowoCenter @yosephrosario_ Sejak awal pencalonan Gibran di soal lhoe. Mestinya Bawaslu misalnya menjadikan itu Temuan... Krn saat pencalonan KPU masih menggunakan PKPU 19 yg mensyaratkan usia 40 tahun","1774942890072195358","","Zero8ok","in","","0","0","0","https://x.com/WafaNurulI33097/status/1774942890072195358","1694699442849599490","WafaNurulI33097"
"1774942838364475719","Mon Apr 01 23:32:04 +0000 2024","0","Ngabalin Sentil Hasto yang Kritik Jokowi dan Gibran: Coba Lebih Keras Sedikit https://t.co/1qTNNa58rY https://t.co/1qTNNa58rY","1774942838364475719","","","in","indonesia","0","0","0","https://x.com/posaktualcom/status/1774942838364475719","1636627729675337734","posaktualcom"
"1773714387414790229","Mon Apr 01 23:31:52 +0000 2024","0","@DokterTifa Dokter saya sumpahin kamu cucu cucumu hidup sebatang kara GK bakalan sukses sukses dan semoga saat pelantikan Prabowo Gibran anda stroke GK bisa jalan gak bisa ngomong amin","1774942787793994003","","DokterTifa","in","Bali, Indonesia","0","0","0","https://x.com/ISUGIARTA1/status/1774942787793994003","1552238269802246145","ISUGIARTA1"
"1774670175088021578","Mon Apr 01 23:31:34 +0000 2024","1","@AlfajarRizwan @oprek_os @VIVAcoid Buktinya banyak kalau mata telinga kamu berfungsi dgn baik bro ada banyak kanal berita media mainstream arus utama yg mengabarkan fakta keberpihakan pemerintah Joko widodo pada pasangan capres cawapres prabowo gibran !","1774942714091782294","","AlfajarRizwan","in","Sleman, Indonesia","0","2","0","https://x.com/hardi_hardiman2/status/1774942714091782294","776211223079641088","hardi_hardiman2"
"1774842032110100642","Mon Apr 01 23:31:27 +0000 2024","1","@are_inismyname @gibran_tweet @bengkeldodo @Ndons_Back @P4P4B0W0_2024 @99propaganda @zy_zy_its_me @Kimberley_PS08 @florieliciouss @genx36545403 @Royan_02 @MIrvanDarwin1 Wkwkwk..kau jilati seperti apapun. Semua orang tau tambang ilegal tak berizin.","1774942683083239475","","are_inismyname","in","Indonesia ðŸ‡²ðŸ‡¨","0","0","0","https://x.com/Aan__CoverBOYkw/status/1774942683083239475","1173023441886146561","Aan__CoverBOYkw"
"1774842032110100642","Mon Apr 01 23:28:37 +0000 2024","1","@are_inismyname @gibran_tweet @bengkeldodo @Ndons_Back @P4P4B0W0_2024 @99propaganda @zy_zy_its_me @Kimberley_PS08 @florieliciouss @genx36545403 @Royan_02 @MIrvanDarwin1 Gerombolan garong koruptor tambang para Bohir 02 https://t.co/QFtTFdjVcv","1774941973323092389","https://pbs.twimg.com/ext_tw_video_thumb/1774941947670745088/pu/img/f_ZNsuq4TZjYBuaE.jpg","are_inismyname","in","","0","0","0","https://x.com/Rokib_saidani/status/1774941973323092389","237987712","Rokib_saidani"
"1774807324865282218","Mon Apr 01 23:28:35 +0000 2024","0","@zy_zy_its_me Baru paham sekarang ternyata tambang ilegal itu ada ijinnya juga sekalian mumpung ingat mohon pencerahan dari Gibran atau pejabat pemerintah terkait utk mengajukan ijin tambang ilegal itu kemana ya ??!!! ","1774941961985851409","","zy_zy_lestary","in","Jakarta Selatan, DKI Jakarta","0","0","0","https://x.com/bekilapan/status/1774941961985851409","263522716","bekilapan"
"1774677471021117827","Mon Apr 01 23:28:19 +0000 2024","0","@KompasTV Guru besar yg mana ini..nggak update yach bawaslu dan kpu saling bantah2an nggak mau disalahin tentang pencalonan gibran yg melanggar UU.","1774941897766936934","","KompasTV","in","","0","0","0","https://x.com/Muhamma83278842/status/1774941897766936934","1661963119382630400","Muhamma83278842"
"1774683181691871365","Mon Apr 01 23:27:48 +0000 2024","0","@tijabar Probowo Gibran menang....! Yg kalah teriak curang","1774941765826695272","","tijabar","in","Kota Palembang, Sumatera Selat","0","0","0","https://x.com/EsPe17169212/status/1774941765826695272","857240949138653185","EsPe17169212"
"1774941761363927268","Mon Apr 01 23:27:47 +0000 2024","3","MENOLAK LUPA Ketum PBB Yusril Nilai Putusan MK Problematik Gibran disarankan Tak Maju CAWAPRES. https://t.co/TwzIWCebLv","1774941761363927268","","","in","Pasuruan, Jawa Timur","0","1","3","https://x.com/KAMID82650678/status/1774941761363927268","1473390005347250179","KAMID82650678"
"1774941729503776876","Mon Apr 01 23:27:39 +0000 2024","0","Saksi AMIN Ungkap Kepala Desa Diancam Oknum Polisi Sampang untuk Pilih Prabowo-Gibran https://t.co/NSUMglXKH8 https://t.co/NSUMglXKH8","1774941729503776876","","","in","indonesia","0","0","0","https://x.com/posaktualcom/status/1774941729503776876","1636627729675337734","posaktualcom"
"1774669533246259579","Mon Apr 01 23:27:36 +0000 2024","0","@tawajkt @gibran_tweet Namanya juga asam sulfat https://t.co/L5ali7KlA1","1774941717298614291","https://pbs.twimg.com/media/GKHcFdJbYAA07XG.jpg","tawajkt","in","Kota Medan, Sumatera Utara","0","0","0","https://x.com/sunggal24_medan/status/1774941717298614291","1570315870685265920","sunggal24_medan"
"1774696181140275310","Mon Apr 01 23:27:20 +0000 2024","0","@gilang_ahm31272 @gibran_tweet Pecundang jangan didengerin jadi goblok nanti","1774941648851546128","","gilang_ahm31272","in","Jakarta Capital Region","0","0","0","https://x.com/saut_pj/status/1774941648851546128","3017031936","saut_pj"
"1773295764653133995","Mon Apr 01 23:27:10 +0000 2024","0","@tvOneNews KLO bukan karena bansos karena apa bro prestasi Wowo gada cm loiser kecerdasan masa Anies lebih bodoh dr Gibran hebatnya Wowo tanam singkong tumbuh jagung hebatnya Anies segudang","1774941607307141277","","tvOneNews","in","","0","0","0","https://x.com/HanifaTiyo12459/status/1774941607307141277","1746069065796616192","HanifaTiyo12459"
"1774842032110100642","Mon Apr 01 23:26:51 +0000 2024","0","@are_inismyname @gibran_tweet @bengkeldodo @Ndons_Back @P4P4B0W0_2024 @99propaganda @zy_zy_its_me @Kimberley_PS08 @florieliciouss @genx36545403 @Royan_02 @MIrvanDarwin1 Jika diKAITkan dg perNYATAan GIBRAN yang AKAN menCABUT IZIN tambang ILLEGAL semakin mamBANGONGkan yaaa YANG BODOH seBETULnya PIHAK yg MANA ... ???.","1774941526399000586","","are_inismyname","in","","0","0","0","https://x.com/marshelMARDINA1/status/1774941526399000586","1611257704357703681","marshelMARDINA1"
"1774786217848291721","Mon Apr 01 23:26:39 +0000 2024","0","@are_inismyname @gibran_tweet @prabowo @bengkeldodo @P4P4B0W0_2024 @Ndons_Back @Bank_Joee_ @99propaganda @florieliciouss @Kimberley_PS08 @zy_zy_its_me @mimih6mei @IrawanRommi Jika tdk paham pokok permasalahannya ya kek gini.. argumennya jd lucu.asal gonggong..","1774941477099253967","","are_inismyname","in","Tangerang, Indonesia","0","0","0","https://x.com/alans_kusuma/status/1774941477099253967","954590517215469568","alans_kusuma"
"1774688580046311849","Mon Apr 01 23:26:15 +0000 2024","0","@tham878 Mereka itu menuntut yg bukan2 bodok sampai ke ujung rambut tolak Gibran alasan belum cukup umur napa saat mendaftar diam saja macam babi tiba Gibran menang baru mengonggong tak cukup umur dia pikir negara ini punya sendirikah otak2 mau pilihan ulang tapi 02 tak ikut gilakah","1774941376586875002","","tham878","in","Papua, Indonesia","0","1","0","https://x.com/LutherKala/status/1774941376586875002","1537990552645681152","LutherKala"
"1774669533246259579","Mon Apr 01 23:25:26 +0000 2024","0","@tawajkt @gibran_tweet Nabrak konstitusi akal-akalan paman Usman","1774941169711190026","","tawajkt","in","indsonesia asia","0","0","0","https://x.com/Bakhjatul/status/1774941169711190026","2519471036","Bakhjatul"
"1774670175088021578","Mon Apr 01 23:24:07 +0000 2024","0","@VIVAcoid Masalahnya Gibran belum cukup umur","1774940840760402136","","VIVAcoid","in","Kelapa Gading, Indonesia","0","0","0","https://x.com/Abiburu/status/1774940840760402136","1477845439764332547","Abiburu"
"1774799770244284813","Mon Apr 01 23:24:07 +0000 2024","1","@salshaindr Coba tanya Gibran ka","1774940837924962466","","salshaindr","in","","0","0","0","https://x.com/helmfulfes/status/1774940837924962466","250495354","helmfulfes"
"1774842032110100642","Mon Apr 01 23:23:44 +0000 2024","37","@are_inismyname @gibran_tweet @bengkeldodo @Ndons_Back @P4P4B0W0_2024 @99propaganda @zy_zy_its_me @Kimberley_PS08 @florieliciouss @genx36545403 @Royan_02 @MIrvanDarwin1 Goblok bok yo ojo di pamerke....isin karo putune embah.....semua yg ilegal itu tak punya ijin.....BLOG....","1774940741913169983","","are_inismyname","in","jakarta barat","0","1","1","https://x.com/AzamFiqri1/status/1774940741913169983","1604070445720170497","AzamFiqri1"
"1774786217848291721","Mon Apr 01 23:23:36 +0000 2024","6","@are_inismyname @KASIHAN05097785 @gibran_tweet @prabowo @bengkeldodo @P4P4B0W0_2024 @Ndons_Back @Bank_Joee_ @99propaganda @florieliciouss @Kimberley_PS08 @zy_zy_its_me @mimih6mei @IrawanRommi Bodokmu nggak tanggung2 mana ada tambang illegal punya ijin!!!","1774940710556627020","","are_inismyname","in","","0","1","0","https://x.com/hanowoko/status/1774940710556627020","714634482242838528","hanowoko"
"1774761149109850285","Mon Apr 01 23:23:31 +0000 2024","0","@gtobing2903 @prabowo @gibran_tweet Indonesia NGANU","1774940687341134009","","gtobing2903","in","","0","0","0","https://x.com/Rasta_Qhilo14/status/1774940687341134009","1749805586190041088","Rasta_Qhilo14"
"1773132710367662465","Mon Apr 01 23:22:02 +0000 2024","0","@OposisiCerdas Biar sulit kan tetep curang coba pikir masuk akal ga sekelas Anies kalah SM Gibran nanya menangnya Gibran dimana keunggulan Gibran apa sesulit apapun kan bukan berarti ga bisa dibuktiin yakin bisa","1774940316707303913","","OposisiCerdas","in","","0","0","0","https://x.com/HanifaTiyo12459/status/1774940316707303913","1746069065796616192","HanifaTiyo12459"
"1774935299287843307","Mon Apr 01 23:20:42 +0000 2024","1","@Siantar72 @gibran_tweet @jokowi @bobbynasution_ @RoyZemar @DedynurPalakka @psi_id Keluarga TAMAK Kekuasaan.","1774939980122800511","","algoritma66","in","Makasar","0","2","0","https://x.com/Trieszeguet/status/1774939980122800511","712468759","Trieszeguet"
"1774786217848291721","Mon Apr 01 23:20:23 +0000 2024","0","@AndriJame37753 @zy_zy_its_me @are_inismyname @gibran_tweet @prabowo @bengkeldodo @P4P4B0W0_2024 @Ndons_Back @Bank_Joee_ @99propaganda @florieliciouss @Kimberley_PS08 @mimih6mei @IrawanRommi salah kaprah lo ilegal tu ada yang udah ada ijin nya tapi cara nambang nya ilegal makanya cari dulu informasi nya kaya misal ijin perusahaan ada lahan yang di tambang ada ijin nya tapi dia nambang sampai lewat batas lahan dan tidak lapor itu ilegal bego","1774939899663360200","","AndriJame37753","in","","0","1","0","https://x.com/myuzux/status/1774939899663360200","1459048808931737600","myuzux"
"1774657775962042504","Mon Apr 01 23:20:00 +0000 2024","0","@tanyakanrl curiga lu kalo dikasih melon sama dakjal juga lu terima nder.","1774939802867310826","","tanyakanrl","in","Metaverse","0","0","0","https://x.com/ashitherewegoo/status/1774939802867310826","1664808556057747456","ashitherewegoo"
"1774786217848291721","Mon Apr 01 23:19:34 +0000 2024","0","@are_inismyname @gibran_tweet @prabowo @bengkeldodo @P4P4B0W0_2024 @Ndons_Back @Bank_Joee_ @99propaganda @florieliciouss @Kimberley_PS08 @zy_zy_its_me @mimih6mei @IrawanRommi lawong si solikin aja punya tambang model gituan","1774939694004076546","","are_inismyname","in","","0","0","0","https://x.com/dekara85/status/1774939694004076546","1765262019073392640","dekara85"
"1774786217848291721","Mon Apr 01 23:18:02 +0000 2024","0","@are_inismyname @gibran_tweet @prabowo @bengkeldodo @P4P4B0W0_2024 @Ndons_Back @Bank_Joee_ @99propaganda @florieliciouss @Kimberley_PS08 @zy_zy_its_me @mimih6mei @IrawanRommi Buzzer IQ &lt; 78 sok ngerti IUP.","1774939306840445111","","are_inismyname","in","","0","0","0","https://x.com/rahman_marlim/status/1774939306840445111","2859520946","rahman_marlim"
"1774842032110100642","Mon Apr 01 23:16:44 +0000 2024","3","@are_inismyname @zy_zy_its_me @gibran_tweet @bengkeldodo @Ndons_Back @P4P4B0W0_2024 @99propaganda @Kimberley_PS08 @florieliciouss @genx36545403 @Royan_02 @MIrvanDarwin1 WIUP itu terbit setelah pertambangan memiliki IUP artinya IUP dulu punya baru diberikan WIUP paham tong. SI samsul emang bloon hasil latihan menghafal jd ngawur aja moso tambang ilegal mau dicabut ijinnya? Ijin apaan? https://t.co/3zoHJdMSg3","1774938982801096899","https://pbs.twimg.com/media/GKHZmAfaoAEFC27.jpg","are_inismyname","in","","0","0","1","https://x.com/Jojobetako2/status/1774938982801096899","1628263424630333442","Jojobetako2"
"1774842032110100642","Mon Apr 01 23:15:25 +0000 2024","69","@are_inismyname @gibran_tweet @bengkeldodo @Ndons_Back @P4P4B0W0_2024 @99propaganda @zy_zy_its_me @Kimberley_PS08 @florieliciouss @genx36545403 @Royan_02 @MIrvanDarwin1 Usut Tuntas Mafia di Sektor Tambang disitu Pasti ada Bakul Pisang &amp; Es Doger.","1774938650712936631","","are_inismyname","in","Indonesia barat","0","2","3","https://x.com/Sugik_Zigzag/status/1774938650712936631","1353382850255458305","Sugik_Zigzag"
"1774647091681472929","Mon Apr 01 23:12:46 +0000 2024","5","@kura2giok @EL_Mascotte @aniesbaswedan @Royan_02 @yosephrosario_ @JordanMihaf @are_inismyname @icikiwir_08 @SuaraAnies @mimih6mei @bengkeldodo @snjayajonggrang @DokterTifa Otak aman pak??? Pencalonannya si Gibran udh f permasalahkan dr awal malah sering di sindir d debat capress yah tp emg kubu anda nggak tau malu aja.. ckckck ilang rasa malu ya begini hehe","1774937983164301625","","kura2giok","in","","0","0","1","https://x.com/WatiBuddy/status/1774937983164301625","1747253780029243392","WatiBuddy"
"1774295200036487392","Mon Apr 01 23:12:30 +0000 2024","0","@muhamma83048770 @TheLadyJokeer @gibran_tweet iya..pdip juga ingin hatrick kememenangan bauk pilpres dan pilegnya...itu apa namanya","1774937916156108847","","muhamma83048770","in","spirit of java","0","0","0","https://x.com/SumoBudi/status/1774937916156108847","1683780689441992705","SumoBudi"
"1774099668336824422","Mon Apr 01 23:11:55 +0000 2024","0","@H4T14K4LN4L42 @jokowi Tenang bro jkw bln oktober sdh selesai jd presiden diganti prabowo dan gibran gak usah demo tampa di demo jkw akan turun sakit ya klau kalah terus","1774937768969621688","","H4T14K4LN4L42","in","","0","0","0","https://x.com/SaifAlkomi/status/1774937768969621688","1494701793716047873","SaifAlkomi"
"1774915381855125870","Mon Apr 01 23:11:53 +0000 2024","2","@cegilhiupir__ @MadridEmbah Elo dan para prmendukung 02 yg bakal stress...kaluan kira si Prabowo Gibran udah Syah Resmi Sebagai Pemenang Versi KPU Curang..shettingan jkw...Tunggu dulu hasil Keputusan MK....Bisa2 Batal dan Diskualifikasi 02....woiiii OmAnwar Usman udah gak dipakei di MK","1774937761583431790","","cegilhiupir__","in","Jabodetabek, Indonesia","0","3","0","https://x.com/Andria75777/status/1774937761583431790","1667233216091279363","Andria75777"
"1774937471807361453","Mon Apr 01 23:10:44 +0000 2024","0","Gibran bgt bjir ","1774937471807361453","","","in","Fuck off","0","0","0","https://x.com/_Your_Serotonin/status/1774937471807361453","1296854965328023555","_Your_Serotonin"
"1774737866612248730","Mon Apr 01 23:10:43 +0000 2024","1","@Pemburu_Celeng @KompasTV @gibran_tweet Gibran itu sekelas lurah saja gak pantas bahkan gak mampu atur desa malah wapres mau jd apa negera ini taek taek !","1774937465499058577","","Pemburu_Celeng","in","","0","2","0","https://x.com/PribadiBales/status/1774937465499058577","1576248663609069568","PribadiBales"
"1774295200036487392","Mon Apr 01 23:10:32 +0000 2024","1","@TheLadyJokeer @gibran_tweet Kemaren pas ngajuin cawapres pada bungkam gikiran terpilih pada teriakÂ² coba saja kemaren pasangan 02 tidak menang pasti pada mingkem juga sudahlah...","1774937419370098921","","TheLadyJokeer","in","Tangerang, Indonesia","0","0","0","https://x.com/Putut_09/status/1774937419370098921","2912627520","Putut_09"
"1774786217848291721","Mon Apr 01 23:10:26 +0000 2024","0","@are_inismyname @gibran_tweet @prabowo @bengkeldodo @P4P4B0W0_2024 @Ndons_Back @Bank_Joee_ @99propaganda @florieliciouss @Kimberley_PS08 @zy_zy_its_me @mimih6mei @IrawanRommi kayaknya taek mu da ngalir keotak mending lu jalan kemall minum tuh sisa2 saniTAEKzer depan pintu mall biar taek2 lu cair balek ke otak tanya baliho2 psi itu dananya dari mana MBAK LIM kah?","1774937393684238544","","are_inismyname","in","Fukuoka-shi Hakata-ku, Fukuoka","0","0","0","https://x.com/BigbossJP24/status/1774937393684238544","1399699505872740356","BigbossJP24"
"1774937285441486928","Mon Apr 01 23:10:00 +0000 2024","1","Menurut Gibran bulan Ramadan adalah momen pas untuk Prabowo dan Megawati bertemu https://t.co/Ax5aHKdnOo","1774937285441486928","","","in","Jakarta Pusat, DKI Jakarta","0","0","0","https://x.com/SINDOnews/status/1774937285441486928","231355136","SINDOnews"
"1774737866612248730","Mon Apr 01 23:09:48 +0000 2024","8","@KompasTV Manusia macam Gibran ini segera buang aja masak Indonesia punya wakil presiden model gini spt gak ada orang lain yg lbh baik aja.","1774937234120253553","","KompasTV","in","","0","1","0","https://x.com/PribadiBales/status/1774937234120253553","1576248663609069568","PribadiBales"
"1772963415532736845","Mon Apr 01 23:08:42 +0000 2024","0","@gibran_tweet Saya juga konveksi umkm tp nggak dpt order","1774936960651718673","","gibran_tweet","in","Semarang","0","0","0","https://x.com/CaturwarsonoP/status/1774936960651718673","1431066316954222598","CaturwarsonoP"
"1770673053598621812","Mon Apr 01 23:07:40 +0000 2024","1","@dhemit_is_back @prabowo @gibran_tweet Satu satunya Manusi yang punya mukjizat luar biasa hanya dia yang manpu tanam singkong tumbuh jagung...","1774936698650263650","","dhemit_is_back","in","","0","0","0","https://x.com/AhmadMa41694573/status/1774936698650263650","1145597826354700288","AhmadMa41694573"
"1774786217848291721","Mon Apr 01 23:07:27 +0000 2024","0","@are_inismyname @gibran_tweet @prabowo @bengkeldodo @P4P4B0W0_2024 @Ndons_Back @Bank_Joee_ @99propaganda @florieliciouss @Kimberley_PS08 @zy_zy_its_me @mimih6mei @IrawanRommi cabut ijinnya?!? emg perusahaan illegal ada ijinnya?! trs apanya yg mau dicabut? otak lo aja dicabut gak guna soalnya","1774936646418612257","","are_inismyname","in","","0","0","0","https://x.com/KanaWelsh/status/1774936646418612257","1345731762056359937","KanaWelsh"
"1774683181691871365","Mon Apr 01 23:06:44 +0000 2024","1","@nayposidah @tijabar Mengharap bener lu gua bales ngefans ya udah ngaku aja elu udah suka sama kepemimpinan pak Prabowo dan pak Gibran jadi caper deh minta diladenin terus sorry bro kerjaan gua banyak ngga cuma bales komentar lu yang ga ada faedahnya mending lu beri ucapan selamat ke pak Prabowo","1774936464708743243","","nayposidah","in","","0","1","0","https://x.com/rendytri71/status/1774936464708743243","1595490575859716097","rendytri71"
"1774693706987401219","Mon Apr 01 23:06:42 +0000 2024","0","@Miduk17 Mk akan manganulir kemenangan 02 versi kpu knp krn pencalonan gibran cacat secara undang2x..' dan itu sangat jelas melanggar peraturan kpu sendiri.' Tp krn hasym ashari jg dah dipegang ekornya makanya dia langgar itu aturan demi anak pa lurah.","1774936455548383589","","JhonSitorus_18","in","","0","0","0","https://x.com/Muhamma83278842/status/1774936455548383589","1661963119382630400","Muhamma83278842"
"1774786217848291721","Mon Apr 01 23:06:39 +0000 2024","2","@are_inismyname @gibran_tweet @prabowo @bengkeldodo @P4P4B0W0_2024 @Ndons_Back @Bank_Joee_ @99propaganda @florieliciouss @Kimberley_PS08 @zy_zy_its_me @mimih6mei @IrawanRommi Bedain legal vs ilegal aja gak bisa Ampun deh ","1774936444869718107","","are_inismyname","in","Disini bersamamu","0","0","0","https://x.com/h4r1523/status/1774936444869718107","2566542818","h4r1523"
"1774404244558451070","Mon Apr 01 23:05:31 +0000 2024","1","@AntonKu08408962 Mukidi bin @gibran_tweet ayo cabut izinya tuh","1774936157056643202","","RIPDEMOKRASI","in","","0","0","0","https://x.com/Zackf77156873/status/1774936157056643202","1166975890569318400","Zackf77156873"
"1774269132646535351","Mon Apr 01 23:04:34 +0000 2024","0","@detikcom @detikjatengcom Postingan dan jawaban gibran itu tidak perrnah mencerminkan seorang negarawan","1774935917645664667","","detikcom","in","","0","0","0","https://x.com/SutjahyoAndri/status/1774935917645664667","1666408478003585025","SutjahyoAndri"
"1774683181691871365","Mon Apr 01 23:04:12 +0000 2024","0","@nayposidah @tijabar Liat aja bro putusan MK nanti takutnya udah membuat Statement memfitnah pak Gibran ehh putusan nya nanti tidak terdapat kecurangan dan kecacatan hukum ntar malu sendiri loh para pendukung paslon sebelah wkwk","1774935828407758852","","nayposidah","in","","0","1","0","https://x.com/rendytri71/status/1774935828407758852","1595490575859716097","rendytri71"
"1774786217848291721","Mon Apr 01 23:00:35 +0000 2024","0","@are_inismyname @gibran_tweet @prabowo @bengkeldodo @P4P4B0W0_2024 @Ndons_Back @Bank_Joee_ @99propaganda @florieliciouss @Kimberley_PS08 @zy_zy_its_me @mimih6mei @IrawanRommi Sudahlah nggak bs bedain Sandra Dewi sm Dewi Sandra. Harvey dikira adik Tom Lembong cm gegara cindo. Ini lagi ","1774934915907473909","","are_inismyname","in","Kota Surabaya, Indonesia","0","0","0","https://x.com/diissriza/status/1774934915907473909","420688223","diissriza"
"1774786217848291721","Mon Apr 01 23:00:00 +0000 2024","4","@are_inismyname @gibran_tweet @prabowo @bengkeldodo @P4P4B0W0_2024 @Ndons_Back @Bank_Joee_ @99propaganda @florieliciouss @Kimberley_PS08 @zy_zy_its_me @mimih6mei @IrawanRommi Belajar Bahasa Indonesia dulu Mi Ilegal itu apa artinya musti tahu dulu biar kelihatan makin pinter...","1774934771577352239","","are_inismyname","in","ditengah kamar","0","0","0","https://x.com/pedskiiibax/status/1774934771577352239","1605970473829158913","pedskiiibax"
"1774807324865282218","Mon Apr 01 22:58:50 +0000 2024","0","@zy_zy_its_me Jadi maksudmu bapaknya gibran selama 10 tahun membiarkan banyak tambang ilegal dan gibran yang membubarkan?..","1774934476671619234","","zy_zy_lestary","in","","0","0","0","https://x.com/aryadhanadipa_1/status/1774934476671619234","1606078984592461824","aryadhanadipa_1"
"1774934442077036635","Mon Apr 01 22:58:42 +0000 2024","34","Refly Harun bicara fakta kecurangan Prabowo-Gibran yang menang karena bansos https://t.co/ghA5n3g2dM","1774934442077036635","https://pbs.twimg.com/ext_tw_video_thumb/1774934245812924416/pu/img/4hdgXtCkafr3yq-m.jpg","","in","","0","0","11","https://x.com/pureblood_4ever/status/1774934442077036635","1518715635618152449","pureblood_4ever"
"1774765271611531545","Mon Apr 01 22:58:35 +0000 2024","1","@haliday0147 @prabowo @gibran_tweet @TeddGus @abwnewsco @singolodra1945 Kalau pun ada pemilihan ulang mau 1000Ã— pun masyarakat tetep pilih Prabowo Gibran","1774934414855991315","","haliday0147","in","","0","1","0","https://x.com/belalnali29/status/1774934414855991315","831216081712852993","belalnali29"
"1774765572724593144","Mon Apr 01 22:58:21 +0000 2024","0","@gvfftj @prabowo @gibran_tweet @zy_zy_its_me @johanhowan @MichelAdam7__ Aku masih ingat Anies mengatakan akan menerima apapun keputusan dari KPU. Preeeet","1774934352738312383","","gvfftj","in","","0","1","0","https://x.com/belalnali29/status/1774934352738312383","831216081712852993","belalnali29"
"1774934298174660739","Mon Apr 01 22:58:08 +0000 2024","0","Kemenangan Prabowo-Gibran karena Narasi Keberlanjutan Bukan Bansos https://t.co/PZDJwWrnAk","1774934298174660739","","","in","Indonesia","0","2","0","https://x.com/rmol_id/status/1774934298174660739","990237626","rmol_id"
"1774934243397021998","Mon Apr 01 22:57:54 +0000 2024","3","Wah bahaya 96 juta yang pilih Prabowo-Gibran bakal disiksa malaikat katanya penganut mahzab masuk surga jalur Pilpres Udah sejauh ini ya.. ","1774934243397021998","","","in","Jakarta Capital Region, Indone","0","1","2","https://x.com/MTaufiq_NTB/status/1774934243397021998","732400678648221697","MTaufiq_NTB"
